Estrutura,Metrica,Valor,Unidade,ElementosInseridos,ElementosOps
AVLTree,TempoInsercaoTotal,124,ms,16944,1000
AVLTree,TempoInsercaoMedioPorElemento,7.318,us,16944,1000
AVLTree,TempoBuscaExistenteMedio,3.558,us,16944,1000
AVLTree,TempoBuscaInexistenteMedio,8.941,us,16944,1000
AVLTree,TempoRemocaoMedio,11.558,us,16944,1000
AVLTree,TempoMedioAcesso,3.558,us,16944,1000
AVLTree,LatenciaMediaOpsMistas,2.320,us,16944,1000
AVLTree,UsoMemoriaEstimado,6568516,bytes,16944,1000
AVLTree,TaxaColisoesInfo,N/A,texto,16944,1000
AVLTree_ConcurrencySim,TempoInsercaoTotal,5393,ms,16944,1000
AVLTree_ConcurrencySim,TempoInsercaoMedioPorElemento,318.284,us,16944,1000
AVLTree_ConcurrencySim,TempoBuscaExistenteMedio,311.007,us,16944,1000
AVLTree_ConcurrencySim,TempoBuscaInexistenteMedio,308.922,us,16944,1000
AVLTree_ConcurrencySim,TempoRemocaoMedio,318.233,us,16944,1000
AVLTree_ConcurrencySim,TempoMedioAcesso,311.007,us,16944,1000
AVLTree_ConcurrencySim,LatenciaMediaOpsMistas,372.207,us,16944,1000
AVLTree_ConcurrencySim,UsoMemoriaEstimado,6568516,bytes,16944,1000
AVLTree_ConcurrencySim,TaxaColisoesInfo,N/A,texto,16944,1000
AVLTree_HighLatencyIO,TempoInsercaoTotal,229965,ms,16944,200
AVLTree_HighLatencyIO,TempoInsercaoMedioPorElemento,13572.061,us,16944,200
AVLTree_HighLatencyIO,TempoBuscaExistenteMedio,13320.440,us,16944,200
AVLTree_HighLatencyIO,TempoBuscaInexistenteMedio,12910.730,us,16944,200
AVLTree_HighLatencyIO,TempoRemocaoMedio,13695.875,us,16944,200
AVLTree_HighLatencyIO,TempoMedioAcesso,13320.440,us,16944,200
AVLTree_HighLatencyIO,LatenciaMediaOpsMistas,13353.793,us,16944,200
AVLTree_HighLatencyIO,UsoMemoriaEstimado,6898116,bytes,16944,200
AVLTree_HighLatencyIO,TaxaColisoesInfo,N/A,texto,16944,200
AVLTree_IrregularArrival,TempoInsercaoTotal,276714,ms,16944,200
AVLTree_IrregularArrival,TempoInsercaoMedioPorElemento,16331.091,us,16944,200
AVLTree_IrregularArrival,TempoBuscaExistenteMedio,9.030,us,16944,200
AVLTree_IrregularArrival,TempoBuscaInexistenteMedio,8.600,us,16944,200
AVLTree_IrregularArrival,TempoRemocaoMedio,10.665,us,16944,200
AVLTree_IrregularArrival,TempoMedioAcesso,9.030,us,16944,200
AVLTree_IrregularArrival,LatenciaMediaOpsMistas,3.907,us,16944,200
AVLTree_IrregularArrival,UsoMemoriaEstimado,6898116,bytes,16944,200
AVLTree_IrregularArrival,TaxaColisoesInfo,N/A,texto,16944,200
AVLTree_MaxSize10000,TempoInsercaoTotal,67,ms,10000,100
AVLTree_MaxSize10000,TempoInsercaoMedioPorElemento,6.700,us,10000,100
AVLTree_MaxSize10000,TempoBuscaExistenteMedio,3.530,us,10000,100
AVLTree_MaxSize10000,TempoBuscaInexistenteMedio,4.110,us,10000,100
AVLTree_MaxSize10000,TempoRemocaoMedio,5.220,us,10000,100
AVLTree_MaxSize10000,TempoMedioAcesso,3.530,us,10000,100
AVLTree_MaxSize10000,LatenciaMediaOpsMistas,2.873,us,10000,100
AVLTree_MaxSize10000,UsoMemoriaEstimado,4078388,bytes,10000,100
AVLTree_MaxSize10000,TaxaColisoesInfo,N/A,texto,10000,100
AVLTree_Scale100pct,TempoInsercaoTotal,115,ms,16944,200
AVLTree_Scale100pct,TempoInsercaoMedioPorElemento,6.787,us,16944,200
AVLTree_Scale100pct,TempoBuscaExistenteMedio,3.630,us,16944,200
AVLTree_Scale100pct,TempoBuscaInexistenteMedio,3.680,us,16944,200
AVLTree_Scale100pct,TempoRemocaoMedio,4.090,us,16944,200
AVLTree_Scale100pct,TempoMedioAcesso,3.630,us,16944,200
AVLTree_Scale100pct,LatenciaMediaOpsMistas,2.107,us,16944,200
AVLTree_Scale100pct,UsoMemoriaEstimado,6898116,bytes,16944,200
AVLTree_Scale100pct,TaxaColisoesInfo,N/A,texto,16944,200
AVLTree_Scale25pct,TempoInsercaoTotal,29,ms,4236,200
AVLTree_Scale25pct,TempoInsercaoMedioPorElemento,6.846,us,4236,200
AVLTree_Scale25pct,TempoBuscaExistenteMedio,4.270,us,4236,200
AVLTree_Scale25pct,TempoBuscaInexistenteMedio,8.030,us,4236,200
AVLTree_Scale25pct,TempoRemocaoMedio,6.815,us,4236,200
AVLTree_Scale25pct,TempoMedioAcesso,4.270,us,4236,200
AVLTree_Scale25pct,LatenciaMediaOpsMistas,3.853,us,4236,200
AVLTree_Scale25pct,UsoMemoriaEstimado,1662832,bytes,4236,200
AVLTree_Scale25pct,TaxaColisoesInfo,N/A,texto,4236,200
AVLTree_Scale50pct,TempoInsercaoTotal,61,ms,8472,200
AVLTree_Scale50pct,TempoInsercaoMedioPorElemento,7.200,us,8472,200
AVLTree_Scale50pct,TempoBuscaExistenteMedio,3.580,us,8472,200
AVLTree_Scale50pct,TempoBuscaInexistenteMedio,5.985,us,8472,200
AVLTree_Scale50pct,TempoRemocaoMedio,4.440,us,8472,200
AVLTree_Scale50pct,TempoMedioAcesso,3.580,us,8472,200
AVLTree_Scale50pct,LatenciaMediaOpsMistas,2.160,us,8472,200
AVLTree_Scale50pct,UsoMemoriaEstimado,3407652,bytes,8472,200
AVLTree_Scale50pct,TaxaColisoesInfo,N/A,texto,8472,200
AVLTree_Scale75pct,TempoInsercaoTotal,88,ms,12708,200
AVLTree_Scale75pct,TempoInsercaoMedioPorElemento,6.925,us,12708,200
AVLTree_Scale75pct,TempoBuscaExistenteMedio,4.030,us,12708,200
AVLTree_Scale75pct,TempoBuscaInexistenteMedio,3.805,us,12708,200
AVLTree_Scale75pct,TempoRemocaoMedio,7.130,us,12708,200
AVLTree_Scale75pct,TempoMedioAcesso,4.030,us,12708,200
AVLTree_Scale75pct,LatenciaMediaOpsMistas,2.073,us,12708,200
AVLTree_Scale75pct,UsoMemoriaEstimado,5152884,bytes,12708,200
AVLTree_Scale75pct,TaxaColisoesInfo,N/A,texto,12708,200
DoublyLinkedList,TempoInsercaoTotal,9,ms,16944,1000
DoublyLinkedList,TempoInsercaoMedioPorElemento,0.531,us,16944,1000
DoublyLinkedList,TempoBuscaExistenteMedio,298.559,us,16944,1000
DoublyLinkedList,TempoBuscaInexistenteMedio,208.601,us,16944,1000
DoublyLinkedList,TempoRemocaoMedio,110.499,us,16944,1000
DoublyLinkedList,TempoMedioAcesso,298.559,us,16944,1000
DoublyLinkedList,LatenciaMediaOpsMistas,0.467,us,16944,1000
DoublyLinkedList,UsoMemoriaEstimado,6441376,bytes,16944,1000
DoublyLinkedList,TaxaColisoesInfo,N/A,texto,16944,1000
DoublyLinkedList_ConcurrencySim,TempoInsercaoTotal,5335,ms,16944,1000
DoublyLinkedList_ConcurrencySim,TempoInsercaoMedioPorElemento,314.861,us,16944,1000
DoublyLinkedList_ConcurrencySim,TempoBuscaExistenteMedio,505.563,us,16944,1000
DoublyLinkedList_ConcurrencySim,TempoBuscaInexistenteMedio,457.215,us,16944,1000
DoublyLinkedList_ConcurrencySim,TempoRemocaoMedio,324.304,us,16944,1000
DoublyLinkedList_ConcurrencySim,TempoMedioAcesso,505.563,us,16944,1000
DoublyLinkedList_ConcurrencySim,LatenciaMediaOpsMistas,287.747,us,16944,1000
DoublyLinkedList_ConcurrencySim,UsoMemoriaEstimado,6441376,bytes,16944,1000
DoublyLinkedList_ConcurrencySim,TaxaColisoesInfo,N/A,texto,16944,1000
DoublyLinkedList_HighLatencyIO,TempoInsercaoTotal,1194180,ms,16944,200
DoublyLinkedList_HighLatencyIO,TempoInsercaoMedioPorElemento,70478.045,us,16944,200
DoublyLinkedList_HighLatencyIO,TempoBuscaExistenteMedio,13919.550,us,16944,200
DoublyLinkedList_HighLatencyIO,TempoBuscaInexistenteMedio,13040.040,us,16944,200
DoublyLinkedList_HighLatencyIO,TempoRemocaoMedio,12875.640,us,16944,200
DoublyLinkedList_HighLatencyIO,TempoMedioAcesso,13919.550,us,16944,200
DoublyLinkedList_HighLatencyIO,LatenciaMediaOpsMistas,13962.753,us,16944,200
DoublyLinkedList_HighLatencyIO,UsoMemoriaEstimado,6764576,bytes,16944,200
DoublyLinkedList_HighLatencyIO,TaxaColisoesInfo,N/A,texto,16944,200
DoublyLinkedList_IrregularArrival,TempoInsercaoTotal,275307,ms,16944,200
DoublyLinkedList_IrregularArrival,TempoInsercaoMedioPorElemento,16248.052,us,16944,200
DoublyLinkedList_IrregularArrival,TempoBuscaExistenteMedio,710.025,us,16944,200
DoublyLinkedList_IrregularArrival,TempoBuscaInexistenteMedio,725.630,us,16944,200
DoublyLinkedList_IrregularArrival,TempoRemocaoMedio,605.400,us,16944,200
DoublyLinkedList_IrregularArrival,TempoMedioAcesso,710.025,us,16944,200
DoublyLinkedList_IrregularArrival,LatenciaMediaOpsMistas,1.593,us,16944,200
DoublyLinkedList_IrregularArrival,UsoMemoriaEstimado,6764576,bytes,16944,200
DoublyLinkedList_IrregularArrival,TaxaColisoesInfo,N/A,texto,16944,200
DoublyLinkedList_MaxSize10000,TempoInsercaoTotal,2,ms,10000,100
DoublyLinkedList_MaxSize10000,TempoInsercaoMedioPorElemento,0.200,us,10000,100
DoublyLinkedList_MaxSize10000,TempoBuscaExistenteMedio,180.740,us,10000,100
DoublyLinkedList_MaxSize10000,TempoBuscaInexistenteMedio,129.630,us,10000,100
DoublyLinkedList_MaxSize10000,TempoRemocaoMedio,72.950,us,10000,100
DoublyLinkedList_MaxSize10000,TempoMedioAcesso,180.740,us,10000,100
DoublyLinkedList_MaxSize10000,LatenciaMediaOpsMistas,0.520,us,10000,100
DoublyLinkedList_MaxSize10000,UsoMemoriaEstimado,3999600,bytes,10000,100
DoublyLinkedList_MaxSize10000,TaxaColisoesInfo,N/A,texto,10000,100
DoublyLinkedList_Scale100pct,TempoInsercaoTotal,4,ms,16944,200
DoublyLinkedList_Scale100pct,TempoInsercaoMedioPorElemento,0.236,us,16944,200
DoublyLinkedList_Scale100pct,TempoBuscaExistenteMedio,309.595,us,16944,200
DoublyLinkedList_Scale100pct,TempoBuscaInexistenteMedio,230.980,us,16944,200
DoublyLinkedList_Scale100pct,TempoRemocaoMedio,120.825,us,16944,200
DoublyLinkedList_Scale100pct,TempoMedioAcesso,309.595,us,16944,200
DoublyLinkedList_Scale100pct,LatenciaMediaOpsMistas,0.373,us,16944,200
DoublyLinkedList_Scale100pct,UsoMemoriaEstimado,6764576,bytes,16944,200
DoublyLinkedList_Scale100pct,TaxaColisoesInfo,N/A,texto,16944,200
DoublyLinkedList_Scale25pct,TempoInsercaoTotal,0,ms,4236,200
DoublyLinkedList_Scale25pct,TempoInsercaoMedioPorElemento,0.000,us,4236,200
DoublyLinkedList_Scale25pct,TempoBuscaExistenteMedio,65.525,us,4236,200
DoublyLinkedList_Scale25pct,TempoBuscaInexistenteMedio,24.335,us,4236,200
DoublyLinkedList_Scale25pct,TempoRemocaoMedio,20.775,us,4236,200
DoublyLinkedList_Scale25pct,TempoMedioAcesso,65.525,us,4236,200
DoublyLinkedList_Scale25pct,LatenciaMediaOpsMistas,0.607,us,4236,200
DoublyLinkedList_Scale25pct,UsoMemoriaEstimado,1630544,bytes,4236,200
DoublyLinkedList_Scale25pct,TaxaColisoesInfo,N/A,texto,4236,200
DoublyLinkedList_Scale50pct,TempoInsercaoTotal,2,ms,8472,200
DoublyLinkedList_Scale50pct,TempoInsercaoMedioPorElemento,0.236,us,8472,200
DoublyLinkedList_Scale50pct,TempoBuscaExistenteMedio,146.375,us,8472,200
DoublyLinkedList_Scale50pct,TempoBuscaInexistenteMedio,92.545,us,8472,200
DoublyLinkedList_Scale50pct,TempoRemocaoMedio,42.860,us,8472,200
DoublyLinkedList_Scale50pct,TempoMedioAcesso,146.375,us,8472,200
DoublyLinkedList_Scale50pct,LatenciaMediaOpsMistas,0.947,us,8472,200
DoublyLinkedList_Scale50pct,UsoMemoriaEstimado,3341888,bytes,8472,200
DoublyLinkedList_Scale50pct,TaxaColisoesInfo,N/A,texto,8472,200
DoublyLinkedList_Scale75pct,TempoInsercaoTotal,4,ms,12708,200
DoublyLinkedList_Scale75pct,TempoInsercaoMedioPorElemento,0.315,us,12708,200
DoublyLinkedList_Scale75pct,TempoBuscaExistenteMedio,230.580,us,12708,200
DoublyLinkedList_Scale75pct,TempoBuscaInexistenteMedio,151.545,us,12708,200
DoublyLinkedList_Scale75pct,TempoRemocaoMedio,74.935,us,12708,200
DoublyLinkedList_Scale75pct,TempoMedioAcesso,230.580,us,12708,200
DoublyLinkedList_Scale75pct,LatenciaMediaOpsMistas,0.413,us,12708,200
DoublyLinkedList_Scale75pct,UsoMemoriaEstimado,5053232,bytes,12708,200
DoublyLinkedList_Scale75pct,TaxaColisoesInfo,N/A,texto,12708,200
HashTable,TempoInsercaoTotal,39,ms,16944,1000
HashTable,TempoInsercaoMedioPorElemento,2.302,us,16944,1000
HashTable,TempoBuscaExistenteMedio,1.613,us,16944,1000
HashTable,TempoBuscaInexistenteMedio,0.753,us,16944,1000
HashTable,TempoRemocaoMedio,1.099,us,16944,1000
HashTable,TempoMedioAcesso,1.613,us,16944,1000
HashTable,LatenciaMediaOpsMistas,0.493,us,16944,1000
HashTable,UsoMemoriaEstimado,7525084,bytes,16944,1000
HashTable,TaxaColisoesInfo,N/A (Implementar get_collision_stats em HashTable),texto,16944,1000
HashTable_ConcurrencySim,TempoInsercaoTotal,5438,ms,16944,1000
HashTable_ConcurrencySim,TempoInsercaoMedioPorElemento,320.940,us,16944,1000
HashTable_ConcurrencySim,TempoBuscaExistenteMedio,333.442,us,16944,1000
HashTable_ConcurrencySim,TempoBuscaInexistenteMedio,301.546,us,16944,1000
HashTable_ConcurrencySim,TempoRemocaoMedio,343.463,us,16944,1000
HashTable_ConcurrencySim,TempoMedioAcesso,333.442,us,16944,1000
HashTable_ConcurrencySim,LatenciaMediaOpsMistas,313.200,us,16944,1000
HashTable_ConcurrencySim,UsoMemoriaEstimado,7525084,bytes,16944,1000
HashTable_ConcurrencySim,TaxaColisoesInfo,N/A (Implementar get_collision_stats em HashTable),texto,16944,1000
HashTable_HighLatencyIO,TempoInsercaoTotal,226106,ms,16944,200
HashTable_HighLatencyIO,TempoInsercaoMedioPorElemento,13344.311,us,16944,200
HashTable_HighLatencyIO,TempoBuscaExistenteMedio,12978.660,us,16944,200
HashTable_HighLatencyIO,TempoBuscaInexistenteMedio,13542.480,us,16944,200
HashTable_HighLatencyIO,TempoRemocaoMedio,12731.305,us,16944,200
HashTable_HighLatencyIO,TempoMedioAcesso,12978.660,us,16944,200
HashTable_HighLatencyIO,LatenciaMediaOpsMistas,14238.200,us,16944,200
HashTable_HighLatencyIO,UsoMemoriaEstimado,7902684,bytes,16944,200
HashTable_HighLatencyIO,TaxaColisoesInfo,N/A (Implementar get_collision_stats em HashTable),texto,16944,200
HashTable_IrregularArrival,TempoInsercaoTotal,275807,ms,16944,200
HashTable_IrregularArrival,TempoInsercaoMedioPorElemento,16277.561,us,16944,200
HashTable_IrregularArrival,TempoBuscaExistenteMedio,2.315,us,16944,200
HashTable_IrregularArrival,TempoBuscaInexistenteMedio,1.380,us,16944,200
HashTable_IrregularArrival,TempoRemocaoMedio,1.945,us,16944,200
HashTable_IrregularArrival,TempoMedioAcesso,2.315,us,16944,200
HashTable_IrregularArrival,LatenciaMediaOpsMistas,1.360,us,16944,200
HashTable_IrregularArrival,UsoMemoriaEstimado,7902684,bytes,16944,200
HashTable_IrregularArrival,TaxaColisoesInfo,N/A (Implementar get_collision_stats em HashTable),texto,16944,200
HashTable_MaxSize10000,TempoInsercaoTotal,21,ms,10000,100
HashTable_MaxSize10000,TempoInsercaoMedioPorElemento,2.100,us,10000,100
HashTable_MaxSize10000,TempoBuscaExistenteMedio,1.060,us,10000,100
HashTable_MaxSize10000,TempoBuscaInexistenteMedio,0.830,us,10000,100
HashTable_MaxSize10000,TempoRemocaoMedio,1.150,us,10000,100
HashTable_MaxSize10000,TempoMedioAcesso,1.060,us,10000,100
HashTable_MaxSize10000,LatenciaMediaOpsMistas,0.733,us,10000,100
HashTable_MaxSize10000,UsoMemoriaEstimado,4672316,bytes,10000,100
HashTable_MaxSize10000,TaxaColisoesInfo,N/A (Implementar get_collision_stats em HashTable),texto,10000,100
HashTable_Scale100pct,TempoInsercaoTotal,36,ms,16944,200
HashTable_Scale100pct,TempoInsercaoMedioPorElemento,2.125,us,16944,200
HashTable_Scale100pct,TempoBuscaExistenteMedio,0.655,us,16944,200
HashTable_Scale100pct,TempoBuscaInexistenteMedio,0.595,us,16944,200
HashTable_Scale100pct,TempoRemocaoMedio,1.220,us,16944,200
HashTable_Scale100pct,TempoMedioAcesso,0.655,us,16944,200
HashTable_Scale100pct,LatenciaMediaOpsMistas,0.453,us,16944,200
HashTable_Scale100pct,UsoMemoriaEstimado,7902684,bytes,16944,200
HashTable_Scale100pct,TaxaColisoesInfo,N/A (Implementar get_collision_stats em HashTable),texto,16944,200
HashTable_Scale25pct,TempoInsercaoTotal,6,ms,4236,200
HashTable_Scale25pct,TempoInsercaoMedioPorElemento,1.416,us,4236,200
HashTable_Scale25pct,TempoBuscaExistenteMedio,1.400,us,4236,200
HashTable_Scale25pct,TempoBuscaInexistenteMedio,0.860,us,4236,200
HashTable_Scale25pct,TempoRemocaoMedio,0.985,us,4236,200
HashTable_Scale25pct,TempoMedioAcesso,1.400,us,4236,200
HashTable_Scale25pct,LatenciaMediaOpsMistas,0.860,us,4236,200
HashTable_Scale25pct,UsoMemoriaEstimado,1904992,bytes,4236,200
HashTable_Scale25pct,TaxaColisoesInfo,N/A (Implementar get_collision_stats em HashTable),texto,4236,200
HashTable_Scale50pct,TempoInsercaoTotal,19,ms,8472,200
HashTable_Scale50pct,TempoInsercaoMedioPorElemento,2.243,us,8472,200
HashTable_Scale50pct,TempoBuscaExistenteMedio,1.535,us,8472,200
HashTable_Scale50pct,TempoBuscaInexistenteMedio,1.200,us,8472,200
HashTable_Scale50pct,TempoRemocaoMedio,1.950,us,8472,200
HashTable_Scale50pct,TempoMedioAcesso,1.535,us,8472,200
HashTable_Scale50pct,LatenciaMediaOpsMistas,1.040,us,8472,200
HashTable_Scale50pct,UsoMemoriaEstimado,3903900,bytes,8472,200
HashTable_Scale50pct,TaxaColisoesInfo,N/A (Implementar get_collision_stats em HashTable),texto,8472,200
HashTable_Scale75pct,TempoInsercaoTotal,26,ms,12708,200
HashTable_Scale75pct,TempoInsercaoMedioPorElemento,2.046,us,12708,200
HashTable_Scale75pct,TempoBuscaExistenteMedio,0.885,us,12708,200
HashTable_Scale75pct,TempoBuscaInexistenteMedio,0.520,us,12708,200
HashTable_Scale75pct,TempoRemocaoMedio,1.375,us,12708,200
HashTable_Scale75pct,TempoMedioAcesso,0.885,us,12708,200
HashTable_Scale75pct,LatenciaMediaOpsMistas,0.733,us,12708,200
HashTable_Scale75pct,UsoMemoriaEstimado,5903292,bytes,12708,200
HashTable_Scale75pct,TaxaColisoesInfo,N/A (Implementar get_collision_stats em HashTable),texto,12708,200
KDTree,TempoInsercaoTotal,183,ms,16944,1000
KDTree,TempoInsercaoMedioPorElemento,10.800,us,16944,1000
KDTree,TempoBuscaExistenteMedio,573.072,us,16944,1000
KDTree,TempoBuscaInexistenteMedio,495.189,us,16944,1000
KDTree,TempoRemocaoMedio,316.535,us,16944,1000
KDTree,TempoMedioAcesso,573.072,us,16944,1000
KDTree,LatenciaMediaOpsMistas,1.827,us,16944,1000
KDTree,UsoMemoriaEstimado,6672540,bytes,16944,1000
KDTree,TaxaColisoesInfo,N/A,texto,16944,1000
KDTree_ConcurrencySim,TempoInsercaoTotal,5382,ms,16944,1000
KDTree_ConcurrencySim,TempoInsercaoMedioPorElemento,317.635,us,16944,1000
KDTree_ConcurrencySim,TempoBuscaExistenteMedio,2379.708,us,16944,1000
KDTree_ConcurrencySim,TempoBuscaInexistenteMedio,1929.441,us,16944,1000
KDTree_ConcurrencySim,TempoRemocaoMedio,1295.708,us,16944,1000
KDTree_ConcurrencySim,TempoMedioAcesso,2379.708,us,16944,1000
KDTree_ConcurrencySim,LatenciaMediaOpsMistas,324.980,us,16944,1000
KDTree_ConcurrencySim,UsoMemoriaEstimado,6677160,bytes,16944,1000
KDTree_ConcurrencySim,TaxaColisoesInfo,N/A,texto,16944,1000
KDTree_HighLatencyIO,TempoInsercaoTotal,228183,ms,16944,200
KDTree_HighLatencyIO,TempoInsercaoMedioPorElemento,13466.891,us,16944,200
KDTree_HighLatencyIO,TempoBuscaExistenteMedio,14176.265,us,16944,200
KDTree_HighLatencyIO,TempoBuscaInexistenteMedio,14801.075,us,16944,200
KDTree_HighLatencyIO,TempoRemocaoMedio,13329.170,us,16944,200
KDTree_HighLatencyIO,TempoMedioAcesso,14176.265,us,16944,200
KDTree_HighLatencyIO,LatenciaMediaOpsMistas,12968.520,us,16944,200
KDTree_HighLatencyIO,UsoMemoriaEstimado,7003920,bytes,16944,200
KDTree_HighLatencyIO,TaxaColisoesInfo,N/A,texto,16944,200
KDTree_IrregularArrival,TempoInsercaoTotal,275446,ms,16944,200
KDTree_IrregularArrival,TempoInsercaoMedioPorElemento,16256.256,us,16944,200
KDTree_IrregularArrival,TempoBuscaExistenteMedio,2406.320,us,16944,200
KDTree_IrregularArrival,TempoBuscaInexistenteMedio,1742.385,us,16944,200
KDTree_IrregularArrival,TempoRemocaoMedio,1156.605,us,16944,200
KDTree_IrregularArrival,TempoMedioAcesso,2406.320,us,16944,200
KDTree_IrregularArrival,LatenciaMediaOpsMistas,6.667,us,16944,200
KDTree_IrregularArrival,UsoMemoriaEstimado,7003500,bytes,16944,200
KDTree_IrregularArrival,TaxaColisoesInfo,N/A,texto,16944,200
KDTree_MaxSize10000,TempoInsercaoTotal,117,ms,10000,100
KDTree_MaxSize10000,TempoInsercaoMedioPorElemento,11.700,us,10000,100
KDTree_MaxSize10000,TempoBuscaExistenteMedio,413.920,us,10000,100
KDTree_MaxSize10000,TempoBuscaInexistenteMedio,275.680,us,10000,100
KDTree_MaxSize10000,TempoRemocaoMedio,180.960,us,10000,100
KDTree_MaxSize10000,TempoMedioAcesso,413.920,us,10000,100
KDTree_MaxSize10000,LatenciaMediaOpsMistas,3.787,us,10000,100
KDTree_MaxSize10000,UsoMemoriaEstimado,4144560,bytes,10000,100
KDTree_MaxSize10000,TaxaColisoesInfo,N/A,texto,10000,100
KDTree_Scale100pct,TempoInsercaoTotal,175,ms,16944,200
KDTree_Scale100pct,TempoInsercaoMedioPorElemento,10.328,us,16944,200
KDTree_Scale100pct,TempoBuscaExistenteMedio,583.120,us,16944,200
KDTree_Scale100pct,TempoBuscaInexistenteMedio,526.090,us,16944,200
KDTree_Scale100pct,TempoRemocaoMedio,332.115,us,16944,200
KDTree_Scale100pct,TempoMedioAcesso,583.120,us,16944,200
KDTree_Scale100pct,LatenciaMediaOpsMistas,1.827,us,16944,200
KDTree_Scale100pct,UsoMemoriaEstimado,7003500,bytes,16944,200
KDTree_Scale100pct,TaxaColisoesInfo,N/A,texto,16944,200
KDTree_Scale25pct,TempoInsercaoTotal,24,ms,4236,200
KDTree_Scale25pct,TempoInsercaoMedioPorElemento,5.666,us,4236,200
KDTree_Scale25pct,TempoBuscaExistenteMedio,118.885,us,4236,200
KDTree_Scale25pct,TempoBuscaInexistenteMedio,88.970,us,4236,200
KDTree_Scale25pct,TempoRemocaoMedio,83.540,us,4236,200
KDTree_Scale25pct,TempoMedioAcesso,118.885,us,4236,200
KDTree_Scale25pct,LatenciaMediaOpsMistas,1.967,us,4236,200
KDTree_Scale25pct,UsoMemoriaEstimado,1695960,bytes,4236,200
KDTree_Scale25pct,TaxaColisoesInfo,N/A,texto,4236,200
KDTree_Scale50pct,TempoInsercaoTotal,100,ms,8472,200
KDTree_Scale50pct,TempoInsercaoMedioPorElemento,11.804,us,8472,200
KDTree_Scale50pct,TempoBuscaExistenteMedio,406.745,us,8472,200
KDTree_Scale50pct,TempoBuscaInexistenteMedio,222.180,us,8472,200
KDTree_Scale50pct,TempoRemocaoMedio,150.715,us,8472,200
KDTree_Scale50pct,TempoMedioAcesso,406.745,us,8472,200
KDTree_Scale50pct,LatenciaMediaOpsMistas,1.773,us,8472,200
KDTree_Scale50pct,UsoMemoriaEstimado,3464160,bytes,8472,200
KDTree_Scale50pct,TaxaColisoesInfo,N/A,texto,8472,200
KDTree_Scale75pct,TempoInsercaoTotal,92,ms,12708,200
KDTree_Scale75pct,TempoInsercaoMedioPorElemento,7.240,us,12708,200
KDTree_Scale75pct,TempoBuscaExistenteMedio,445.325,us,12708,200
KDTree_Scale75pct,TempoBuscaInexistenteMedio,380.100,us,12708,200
KDTree_Scale75pct,TempoRemocaoMedio,263.740,us,12708,200
KDTree_Scale75pct,TempoMedioAcesso,445.325,us,12708,200
KDTree_Scale75pct,LatenciaMediaOpsMistas,3.133,us,12708,200
KDTree_Scale75pct,UsoMemoriaEstimado,5235300,bytes,12708,200
KDTree_Scale75pct,TaxaColisoesInfo,N/A,texto,12708,200
PerfectHashTable,TempoInsercaoTotal,75,ms,16944,1000
PerfectHashTable,TempoInsercaoMedioPorElemento,4.426,us,16944,1000
PerfectHashTable,TempoBuscaExistenteMedio,0.593,us,16944,1000
PerfectHashTable,TempoBuscaInexistenteMedio,0.447,us,16944,1000
PerfectHashTable,TempoRemocaoMedio,0.357,us,16944,1000
PerfectHashTable,TempoMedioAcesso,0.593,us,16944,1000
PerfectHashTable,LatenciaMediaOpsMistas,2.198,us,16944,1000
PerfectHashTable,UsoMemoriaEstimado,6823644,bytes,16944,1000
PerfectHashTable,TaxaColisoesInfo,PHT: Secundarias 0 (design); Primarias: (Nao verificado),texto,16944,1000
PerfectHashTable_ConcurrencySim,TempoInsercaoTotal,231,ms,16944,1000
PerfectHashTable_ConcurrencySim,TempoInsercaoMedioPorElemento,13.633,us,16944,1000
PerfectHashTable_ConcurrencySim,TempoBuscaExistenteMedio,350.489,us,16944,1000
PerfectHashTable_ConcurrencySim,TempoBuscaInexistenteMedio,301.773,us,16944,1000
PerfectHashTable_ConcurrencySim,TempoRemocaoMedio,330.971,us,16944,1000
PerfectHashTable_ConcurrencySim,TempoMedioAcesso,350.489,us,16944,1000
PerfectHashTable_ConcurrencySim,LatenciaMediaOpsMistas,234.554,us,16944,1000
PerfectHashTable_ConcurrencySim,UsoMemoriaEstimado,6823644,bytes,16944,1000
PerfectHashTable_ConcurrencySim,TaxaColisoesInfo,PHT: Secundarias 0 (design); Primarias: (Nao verificado),texto,16944,1000
PerfectHashTable_HighLatencyIO,TempoInsercaoTotal,86,ms,16944,200
PerfectHashTable_HighLatencyIO,TempoInsercaoMedioPorElemento,5.076,us,16944,200
PerfectHashTable_HighLatencyIO,TempoBuscaExistenteMedio,12733.270,us,16944,200
PerfectHashTable_HighLatencyIO,TempoBuscaInexistenteMedio,13557.015,us,16944,200
PerfectHashTable_HighLatencyIO,TempoRemocaoMedio,13223.390,us,16944,200
PerfectHashTable_HighLatencyIO,TempoMedioAcesso,12733.270,us,16944,200
PerfectHashTable_HighLatencyIO,LatenciaMediaOpsMistas,13094.129,us,16944,200
PerfectHashTable_HighLatencyIO,UsoMemoriaEstimado,7166044,bytes,16944,200
PerfectHashTable_HighLatencyIO,TaxaColisoesInfo,PHT: Secundarias 0 (design); Primarias: (Nao verificado),texto,16944,200
PerfectHashTable_IrregularArrival,TempoInsercaoTotal,217,ms,16944,200
PerfectHashTable_IrregularArrival,TempoInsercaoMedioPorElemento,12.807,us,16944,200
PerfectHashTable_IrregularArrival,TempoBuscaExistenteMedio,1.815,us,16944,200
PerfectHashTable_IrregularArrival,TempoBuscaInexistenteMedio,1.505,us,16944,200
PerfectHashTable_IrregularArrival,TempoRemocaoMedio,1.395,us,16944,200
PerfectHashTable_IrregularArrival,TempoMedioAcesso,1.815,us,16944,200
PerfectHashTable_IrregularArrival,LatenciaMediaOpsMistas,6.574,us,16944,200
PerfectHashTable_IrregularArrival,UsoMemoriaEstimado,7166044,bytes,16944,200
PerfectHashTable_IrregularArrival,TaxaColisoesInfo,PHT: Secundarias 0 (design); Primarias: (Nao verificado),texto,16944,200
PerfectHashTable_MaxSize10000,TempoInsercaoTotal,43,ms,10000,100
PerfectHashTable_MaxSize10000,TempoInsercaoMedioPorElemento,4.300,us,10000,100
PerfectHashTable_MaxSize10000,TempoBuscaExistenteMedio,0.670,us,10000,100
PerfectHashTable_MaxSize10000,TempoBuscaInexistenteMedio,0.770,us,10000,100
PerfectHashTable_MaxSize10000,TempoRemocaoMedio,0.880,us,10000,100
PerfectHashTable_MaxSize10000,TempoMedioAcesso,0.670,us,10000,100
PerfectHashTable_MaxSize10000,LatenciaMediaOpsMistas,3.139,us,10000,100
PerfectHashTable_MaxSize10000,UsoMemoriaEstimado,4236812,bytes,10000,100
PerfectHashTable_MaxSize10000,TaxaColisoesInfo,PHT: Secundarias 0 (design); Primarias: (Nao verificado),texto,10000,100
PerfectHashTable_PostBuildInsert,TempoInsercaoTotal,191,ms,15561,50
PerfectHashTable_PostBuildInsert,TempoInsercaoMedioPorElemento,12.274,us,15561,50
PerfectHashTable_PostBuildInsert,TempoBuscaExistenteMedio,1.240,us,15561,50
PerfectHashTable_PostBuildInsert,TempoBuscaInexistenteMedio,0.000,us,15561,50
PerfectHashTable_PostBuildInsert,TempoRemocaoMedio,0.000,us,15561,50
PerfectHashTable_PostBuildInsert,TempoMedioAcesso,0.000,us,15561,50
PerfectHashTable_PostBuildInsert,LatenciaMediaOpsMistas,0.000,us,15561,50
PerfectHashTable_PostBuildInsert,UsoMemoriaEstimado,0,bytes,15561,50
PerfectHashTable_PostBuildInsert,TaxaColisoesInfo,PHT: Secundarias 0 (design); Primarias: (Nao verificado),texto,15561,50
PerfectHashTable_Scale100pct,TempoInsercaoTotal,75,ms,16944,200
PerfectHashTable_Scale100pct,TempoInsercaoMedioPorElemento,4.426,us,16944,200
PerfectHashTable_Scale100pct,TempoBuscaExistenteMedio,0.690,us,16944,200
PerfectHashTable_Scale100pct,TempoBuscaInexistenteMedio,0.555,us,16944,200
PerfectHashTable_Scale100pct,TempoRemocaoMedio,0.490,us,16944,200
PerfectHashTable_Scale100pct,TempoMedioAcesso,0.690,us,16944,200
PerfectHashTable_Scale100pct,LatenciaMediaOpsMistas,3.673,us,16944,200
PerfectHashTable_Scale100pct,UsoMemoriaEstimado,7166044,bytes,16944,200
PerfectHashTable_Scale100pct,TaxaColisoesInfo,PHT: Secundarias 0 (design); Primarias: (Nao verificado),texto,16944,200
PerfectHashTable_Scale25pct,TempoInsercaoTotal,22,ms,4236,200
PerfectHashTable_Scale25pct,TempoInsercaoMedioPorElemento,5.194,us,4236,200
PerfectHashTable_Scale25pct,TempoBuscaExistenteMedio,0.620,us,4236,200
PerfectHashTable_Scale25pct,TempoBuscaInexistenteMedio,0.500,us,4236,200
PerfectHashTable_Scale25pct,TempoRemocaoMedio,0.720,us,4236,200
PerfectHashTable_Scale25pct,TempoMedioAcesso,0.620,us,4236,200
PerfectHashTable_Scale25pct,LatenciaMediaOpsMistas,3.277,us,4236,200
PerfectHashTable_Scale25pct,UsoMemoriaEstimado,1727448,bytes,4236,200
PerfectHashTable_Scale25pct,TaxaColisoesInfo,PHT: Secundarias 0 (design); Primarias: (Nao verificado),texto,4236,200
PerfectHashTable_Scale50pct,TempoInsercaoTotal,39,ms,8472,200
PerfectHashTable_Scale50pct,TempoInsercaoMedioPorElemento,4.603,us,8472,200
PerfectHashTable_Scale50pct,TempoBuscaExistenteMedio,0.615,us,8472,200
PerfectHashTable_Scale50pct,TempoBuscaInexistenteMedio,0.490,us,8472,200
PerfectHashTable_Scale50pct,TempoRemocaoMedio,0.430,us,8472,200
PerfectHashTable_Scale50pct,TempoMedioAcesso,0.615,us,8472,200
PerfectHashTable_Scale50pct,LatenciaMediaOpsMistas,3.129,us,8472,200
PerfectHashTable_Scale50pct,UsoMemoriaEstimado,3540028,bytes,8472,200
PerfectHashTable_Scale50pct,TaxaColisoesInfo,PHT: Secundarias 0 (design); Primarias: (Nao verificado),texto,8472,200
PerfectHashTable_Scale75pct,TempoInsercaoTotal,58,ms,12708,200
PerfectHashTable_Scale75pct,TempoInsercaoMedioPorElemento,4.564,us,12708,200
PerfectHashTable_Scale75pct,TempoBuscaExistenteMedio,0.630,us,12708,200
PerfectHashTable_Scale75pct,TempoBuscaInexistenteMedio,0.520,us,12708,200
PerfectHashTable_Scale75pct,TempoRemocaoMedio,0.560,us,12708,200
PerfectHashTable_Scale75pct,TempoMedioAcesso,0.630,us,12708,200
PerfectHashTable_Scale75pct,LatenciaMediaOpsMistas,3.337,us,12708,200
PerfectHashTable_Scale75pct,UsoMemoriaEstimado,5353036,bytes,12708,200
PerfectHashTable_Scale75pct,TaxaColisoesInfo,PHT: Secundarias 0 (design); Primarias: (Nao verificado),texto,12708,200
SkipList,TempoInsercaoTotal,81,ms,16944,1000
SkipList,TempoInsercaoMedioPorElemento,4.780,us,16944,1000
SkipList,TempoBuscaExistenteMedio,6.657,us,16944,1000
SkipList,TempoBuscaInexistenteMedio,6.508,us,16944,1000
SkipList,TempoRemocaoMedio,11.288,us,16944,1000
SkipList,TempoMedioAcesso,6.657,us,16944,1000
SkipList,LatenciaMediaOpsMistas,4.113,us,16944,1000
SkipList,UsoMemoriaEstimado,6568516,bytes,16944,1000
SkipList,TaxaColisoesInfo,N/A,texto,16944,1000
SkipList_ConcurrencySim,TempoInsercaoTotal,5411,ms,16944,1000
SkipList_ConcurrencySim,TempoInsercaoMedioPorElemento,319.346,us,16944,1000
SkipList_ConcurrencySim,TempoBuscaExistenteMedio,317.402,us,16944,1000
SkipList_ConcurrencySim,TempoBuscaInexistenteMedio,331.898,us,16944,1000
SkipList_ConcurrencySim,TempoRemocaoMedio,304.506,us,16944,1000
SkipList_ConcurrencySim,TempoMedioAcesso,317.402,us,16944,1000
SkipList_ConcurrencySim,LatenciaMediaOpsMistas,281.227,us,16944,1000
SkipList_ConcurrencySim,UsoMemoriaEstimado,6568516,bytes,16944,1000
SkipList_ConcurrencySim,TaxaColisoesInfo,N/A,texto,16944,1000
SkipList_HighLatencyIO,TempoInsercaoTotal,226402,ms,16944,200
SkipList_HighLatencyIO,TempoInsercaoMedioPorElemento,13361.780,us,16944,200
SkipList_HighLatencyIO,TempoBuscaExistenteMedio,13252.415,us,16944,200
SkipList_HighLatencyIO,TempoBuscaInexistenteMedio,14223.610,us,16944,200
SkipList_HighLatencyIO,TempoRemocaoMedio,13731.050,us,16944,200
SkipList_HighLatencyIO,TempoMedioAcesso,13252.415,us,16944,200
SkipList_HighLatencyIO,LatenciaMediaOpsMistas,12834.860,us,16944,200
SkipList_HighLatencyIO,UsoMemoriaEstimado,6898116,bytes,16944,200
SkipList_HighLatencyIO,TaxaColisoesInfo,N/A,texto,16944,200
SkipList_IrregularArrival,TempoInsercaoTotal,273391,ms,16944,200
SkipList_IrregularArrival,TempoInsercaoMedioPorElemento,16134.974,us,16944,200
SkipList_IrregularArrival,TempoBuscaExistenteMedio,17.835,us,16944,200
SkipList_IrregularArrival,TempoBuscaInexistenteMedio,22.645,us,16944,200
SkipList_IrregularArrival,TempoRemocaoMedio,25.705,us,16944,200
SkipList_IrregularArrival,TempoMedioAcesso,17.835,us,16944,200
SkipList_IrregularArrival,LatenciaMediaOpsMistas,10.067,us,16944,200
SkipList_IrregularArrival,UsoMemoriaEstimado,6898116,bytes,16944,200
SkipList_IrregularArrival,TaxaColisoesInfo,N/A,texto,16944,200
SkipList_MaxSize10000,TempoInsercaoTotal,44,ms,10000,100
SkipList_MaxSize10000,TempoInsercaoMedioPorElemento,4.400,us,10000,100
SkipList_MaxSize10000,TempoBuscaExistenteMedio,6.230,us,10000,100
SkipList_MaxSize10000,TempoBuscaInexistenteMedio,6.750,us,10000,100
SkipList_MaxSize10000,TempoRemocaoMedio,6.250,us,10000,100
SkipList_MaxSize10000,TempoMedioAcesso,6.230,us,10000,100
SkipList_MaxSize10000,LatenciaMediaOpsMistas,3.093,us,10000,100
SkipList_MaxSize10000,UsoMemoriaEstimado,4078388,bytes,10000,100
SkipList_MaxSize10000,TaxaColisoesInfo,N/A,texto,10000,100
SkipList_Scale100pct,TempoInsercaoTotal,70,ms,16944,200
SkipList_Scale100pct,TempoInsercaoMedioPorElemento,4.131,us,16944,200
SkipList_Scale100pct,TempoBuscaExistenteMedio,9.255,us,16944,200
SkipList_Scale100pct,TempoBuscaInexistenteMedio,8.060,us,16944,200
SkipList_Scale100pct,TempoRemocaoMedio,10.760,us,16944,200
SkipList_Scale100pct,TempoMedioAcesso,9.255,us,16944,200
SkipList_Scale100pct,LatenciaMediaOpsMistas,3.047,us,16944,200
SkipList_Scale100pct,UsoMemoriaEstimado,6898116,bytes,16944,200
SkipList_Scale100pct,TaxaColisoesInfo,N/A,texto,16944,200
SkipList_Scale25pct,TempoInsercaoTotal,22,ms,4236,200
SkipList_Scale25pct,TempoInsercaoMedioPorElemento,5.194,us,4236,200
SkipList_Scale25pct,TempoBuscaExistenteMedio,7.800,us,4236,200
SkipList_Scale25pct,TempoBuscaInexistenteMedio,11.165,us,4236,200
SkipList_Scale25pct,TempoRemocaoMedio,9.590,us,4236,200
SkipList_Scale25pct,TempoMedioAcesso,7.800,us,4236,200
SkipList_Scale25pct,LatenciaMediaOpsMistas,4.120,us,4236,200
SkipList_Scale25pct,UsoMemoriaEstimado,1662832,bytes,4236,200
SkipList_Scale25pct,TaxaColisoesInfo,N/A,texto,4236,200
SkipList_Scale50pct,TempoInsercaoTotal,40,ms,8472,200
SkipList_Scale50pct,TempoInsercaoMedioPorElemento,4.721,us,8472,200
SkipList_Scale50pct,TempoBuscaExistenteMedio,6.290,us,8472,200
SkipList_Scale50pct,TempoBuscaInexistenteMedio,5.725,us,8472,200
SkipList_Scale50pct,TempoRemocaoMedio,6.625,us,8472,200
SkipList_Scale50pct,TempoMedioAcesso,6.290,us,8472,200
SkipList_Scale50pct,LatenciaMediaOpsMistas,3.227,us,8472,200
SkipList_Scale50pct,UsoMemoriaEstimado,3407652,bytes,8472,200
SkipList_Scale50pct,TaxaColisoesInfo,N/A,texto,8472,200
SkipList_Scale75pct,TempoInsercaoTotal,66,ms,12708,200
SkipList_Scale75pct,TempoInsercaoMedioPorElemento,5.194,us,12708,200
SkipList_Scale75pct,TempoBuscaExistenteMedio,6.680,us,12708,200
SkipList_Scale75pct,TempoBuscaInexistenteMedio,7.350,us,12708,200
SkipList_Scale75pct,TempoRemocaoMedio,10.630,us,12708,200
SkipList_Scale75pct,TempoMedioAcesso,6.680,us,12708,200
SkipList_Scale75pct,LatenciaMediaOpsMistas,2.540,us,12708,200
SkipList_Scale75pct,UsoMemoriaEstimado,5152884,bytes,12708,200
SkipList_Scale75pct,TaxaColisoesInfo,N/A,texto,12708,200
